{
  "BURO_AMT_CREDIT_MAX_OVERDUE_MEAN": 4930.180816650391,
  "BURO_AMT_CREDIT_SUM_MEAN": 2976.9663462638855,
  "BURO_DAYS_CREDIT_ENDDATE_MAX": 9410.134672641754,
  "BURO_DAYS_CREDIT_MAX": 10270.45300412178,
  "DAYS_BIRTH": 9130.888344049454,
  "DAYS_EMPLOYED": 19130.658579826355,
  "DAYS_ID_PUBLISH": 4147.345653414726,
  "DAYS_LAST_PHONE_CHANGE": 3467.0148770809174,
  "DAYS_REGISTRATION": 877.3252959251404,
  "EXT_SOURCE_1": 64466.576627373695,
  "EXT_SOURCE_2": 184656.6251578331,
  "EXT_SOURCE_3": 182560.33522629738,
  "OWN_CAR_AGE": 7333.866861343384,
  "AMT_CREDIT_TO_ANNUITY_RATIO": 18357.132416009903,
  "AMT_GOODS_PRICE_TO_ANNUITY_RATIO": 18962.9775660038,
  "AMT_CREDIT_GOODS_PRICE_DIFF": 12456.289253234863,
  "GOODS_PRICE_FAIL_RATIO": 18996.73702955246,
  "CREDIT_FAIL_RATIO": 3873.5908250808716
}