{
  "BURO_AMT_CREDIT_MAX_OVERDUE_MEAN": 6130.7845339775085,
  "BURO_AMT_CREDIT_SUM_MEAN": 4140.4187688827515,
  "BURO_DAYS_CREDIT_ENDDATE_MAX": 11802.566604018211,
  "BURO_DAYS_CREDIT_MAX": 9275.160996437073,
  "DAYS_BIRTH": 12798.938853263855,
  "DAYS_EMPLOYED": 20425.9514285326,
  "DAYS_ID_PUBLISH": 4766.919316768646,
  "DAYS_LAST_PHONE_CHANGE": 3419.817862510681,
  "DAYS_REGISTRATION": 1093.4288195371628,
  "EXT_SOURCE_1": 69495.60028028488,
  "EXT_SOURCE_2": 185762.55483913422,
  "EXT_SOURCE_3": 183159.36771774292,
  "OWN_CAR_AGE": 8940.702701091766,
  "AMT_CREDIT_TO_ANNUITY_RATIO": 31315.060208797455,
  "AMT_GOODS_PRICE_TO_ANNUITY_RATIO": 21051.47615790367,
  "AMT_CREDIT_GOODS_PRICE_DIFF": 12902.609736919403,
  "GOODS_PRICE_FAIL_RATIO": 21970.35192012787,
  "CREDIT_FAIL_RATIO": 3338.0261363983154
}